sleep_date,total_sleep_hours,deep_sleep_hours,light_sleep_hours,avg_sleep_hr,segments,bedtime,wakeup,pct_deep,pct_light
2022-09-13,6.283333333333333,1.0666666666666667,3.6499999999999995,61.09894285714286,21,2022-09-13 01:47:49,2022-09-13 08:04:49,16.976127320954905,58.09018567639257
2022-09-14,7.425,0.9833333333333334,4.691666666666667,61.526315789473685,38,2022-09-14 01:13:03,2022-09-15 00:00:34,13.243546576879911,63.187429854096536
2022-09-15,6.991666666666667,0.7916666666666667,4.2250000000000005,61.26490952380953,21,2022-09-15 00:00:34,2022-09-16 00:01:24,11.323003575685341,60.429082240762824
2022-09-16,7.725,0.5583333333333333,5.449999999999999,60.3671619047619,42,2022-09-16 00:01:24,2022-09-17 00:06:10,7.2276159654800445,70.55016181229773
2022-09-17,7.041666666666667,1.1916666666666667,4.25,59.48784,30,2022-09-17 00:06:10,2022-09-18 00:15:04,16.92307692307692,60.35502958579882
2022-09-18,7.6000000000000005,0.6083333333333334,4.991666666666667,61.30555555555556,36,2022-09-18 00:15:04,2022-09-19 00:16:02,8.00438596491228,65.6798245614035
2022-09-19,6.991666666666667,1.3166666666666667,3.308333333333333,64.79321071428572,28,2022-09-19 00:16:02,2022-09-19 07:15:32,18.831942789034564,47.31823599523241
2022-09-20,7.958333333333333,1.1416666666666666,4.408333333333333,66.12121212121212,33,2022-09-20 00:08:25,2022-09-20 08:05:55,14.345549738219896,55.39267015706806
2022-09-21,7.041666666666667,1.275,4.483333333333334,64.44736842105263,38,2022-09-21 00:27:51,2022-09-22 00:00:40,18.106508875739642,63.66863905325445
2022-09-22,7.308333333333333,1.0083333333333333,4.866666666666668,64.17647058823529,51,2022-09-22 00:00:40,2022-09-22 07:19:10,13.797035347776513,66.59064994298748
2022-09-23,7.291666666666667,1.35,4.116666666666667,62.179144827586214,29,2022-09-23 00:09:21,2022-09-23 07:26:51,18.514285714285712,56.45714285714286
2022-09-24,8.133333333333333,0.6833333333333333,5.25,64.45714285714286,35,2022-09-24 00:08:52,2022-09-25 00:13:20,8.401639344262296,64.54918032786885
2022-09-25,6.933333333333334,0.2916666666666667,4.7,58.59243478260869,23,2022-09-25 00:13:20,2022-09-25 07:09:20,4.206730769230769,67.78846153846155
2022-09-26,6.908333333333333,0.8333333333333333,4.9416666666666655,63.0,24,2022-09-26 00:09:13,2022-09-26 07:03:43,12.0627261761158,71.5319662243667
2022-09-27,7.258333333333334,0.6083333333333334,5.008333333333333,65.57575757575758,33,2022-09-27 00:51:54,2022-09-27 08:07:24,8.381171067738233,69.0011481056257
2022-09-28,7.075,0.825,3.999999999999999,63.464285714285715,28,2022-09-28 00:06:18,2022-09-28 07:10:48,11.66077738515901,56.53710247349822
2022-09-29,7.116666666666667,0.7916666666666666,5.25,62.29663076923077,26,2022-09-29 00:06:51,2022-09-29 07:13:51,11.124121779859482,73.77049180327869
2022-09-30,7.041666666666667,1.0,4.308333333333334,60.951219512195124,41,2022-09-30 00:15:08,2022-09-30 07:17:38,14.201183431952662,61.18343195266272
2022-10-01,7.691666666666666,0.725,5.366666666666667,60.05882352941177,34,2022-10-01 00:22:40,2022-10-02 00:04:06,9.42578548212351,69.77248104008669
2022-10-02,7.725,0.9249999999999999,4.725,58.205128205128204,39,2022-10-02 00:04:06,2022-10-02 07:47:36,11.974110032362459,61.165048543689316
2022-10-03,7.8,0.5,5.5666666666666655,67.25802333333334,30,2022-10-03 00:30:37,2022-10-03 08:18:37,6.4102564102564115,71.36752136752136
2022-10-04,6.541666666666667,0.8833333333333333,4.375,60.84928965517241,29,2022-10-04 00:24:36,2022-10-04 06:57:06,13.503184713375797,66.87898089171973
2022-10-05,7.725,1.0416666666666665,4.708333333333334,59.66141714285715,35,2022-10-05 00:12:31,2022-10-06 00:15:13,13.484358144552319,60.949298813376494
2022-10-06,6.658333333333333,0.725,4.416666666666667,59.64705882352941,17,2022-10-06 00:15:13,2022-10-06 06:54:43,10.888610763454318,66.33291614518149
2022-10-07,6.841666666666667,0.8833333333333333,4.383333333333334,58.0,34,2022-10-07 00:43:32,2022-10-07 07:34:02,12.911084043848964,64.06820950060902
2022-10-08,6.966666666666667,1.1083333333333334,3.708333333333333,58.62548571428571,35,2022-10-08 00:29:08,2022-10-08 07:27:08,15.909090909090908,53.22966507177033
2022-10-09,7.133333333333333,0.8083333333333333,4.958333333333333,60.08695652173913,46,2022-10-09 00:35:58,2022-10-09 07:43:58,11.33177570093458,69.50934579439252
2022-10-10,7.466666666666667,0.5333333333333333,5.1416666666666675,59.76086956521739,46,2022-10-10 00:14:41,2022-10-10 07:42:41,7.142857142857142,68.86160714285715
2022-10-11,8.15,1.0250000000000001,5.2250000000000005,63.91428571428571,35,2022-10-11 00:23:01,2022-10-12 00:00:05,12.57668711656442,64.11042944785277
2022-10-12,7.983333333333333,0.925,4.433333333333334,62.305765517241376,29,2022-10-12 00:00:05,2022-10-12 07:59:05,11.586638830897703,55.53235908141963
2022-10-13,6.766666666666667,0.9083333333333333,4.158333333333333,64.29473684210525,38,2022-10-13 00:35:29,2022-10-13 07:21:29,13.423645320197044,61.45320197044335
2022-10-14,7.633333333333333,1.2083333333333335,4.574999999999999,64.034721875,32,2022-10-14 00:23:31,2022-10-14 08:01:31,15.829694323144109,59.934497816593876
2022-10-15,7.583333333333334,0.9750000000000001,4.316666666666667,64.9090909090909,22,2022-10-15 00:29:09,2022-10-15 08:04:09,12.85714285714286,56.923076923076934
2022-10-16,7.758333333333334,1.125,4.983333333333333,60.95,40,2022-10-16 00:03:28,2022-10-16 07:48:58,14.500537056928033,64.23200859291084
2022-10-17,7.658333333333333,0.9666666666666666,5.0,63.208933333333334,36,2022-10-17 00:11:11,2022-10-17 07:50:41,12.622415669205658,65.28835690968444
2022-10-18,6.808333333333334,0.525,4.449999999999999,66.0781257142857,35,2022-10-18 01:01:01,2022-10-18 07:49:31,7.711138310893513,65.3610771113831
2022-10-19,7.091666666666667,0.975,4.8999999999999995,64.1,40,2022-10-19 00:37:05,2022-10-20 00:01:36,13.748531139835487,69.09518213866039
2022-10-20,6.966666666666667,0.95,4.833333333333333,67.37931034482759,29,2022-10-20 00:01:36,2022-10-20 06:59:36,13.636363636363635,69.377990430622
2022-10-21,7.15,1.0250000000000001,4.508333333333333,64.24394166666667,36,2022-10-21 00:45:58,2022-10-21 07:54:58,14.335664335664337,63.05361305361304
2022-10-22,7.908333333333333,1.25,4.75,62.9624880952381,42,2022-10-22 01:03:44,2022-10-22 08:58:14,15.806111696522656,60.06322444678609
2022-10-23,7.716666666666667,0.6583333333333333,5.15,66.18717631578947,38,2022-10-23 01:43:26,2022-10-24 00:18:19,8.531317494600433,66.73866090712744
2022-10-24,8.058333333333334,1.0666666666666667,5.191666666666666,63.810810810810814,37,2022-10-24 00:18:19,2022-10-25 00:14:22,13.236814891416751,64.42605997931747
2022-10-25,7.933333333333334,1.025,4.533333333333333,67.97297297297297,37,2022-10-25 00:14:22,2022-10-25 08:10:22,12.92016806722689,57.14285714285714
2022-10-26,6.508333333333333,1.2,4.075000000000001,70.08333333333333,36,2022-10-26 00:57:50,2022-10-26 07:28:20,18.437900128040972,62.61203585147249
2022-10-27,8.241666666666667,0.8416666666666667,5.716666666666667,67.22637666666667,30,2022-10-27 00:22:47,2022-10-28 00:12:36,10.212335692618806,69.36299292214358
2022-10-28,7.116666666666666,1.1166666666666667,4.508333333333334,68.07692307692308,26,2022-10-28 00:12:36,2022-10-28 07:19:36,15.690866510538642,63.3489461358314
2022-10-29,6.516666666666667,0.8583333333333334,4.275,65.47826086956522,23,2022-10-29 00:58:01,2022-10-29 07:29:01,13.17135549872123,65.60102301790282
2022-10-30,6.608333333333333,1.0333333333333332,4.175,62.61072,25,2022-10-30 00:12:06,2022-10-30 06:48:36,15.63682219419924,63.177805800756616
2022-10-31,7.9750000000000005,0.6416666666666666,5.183333333333334,65.05293548387097,31,2022-10-31 00:50:09,2022-10-31 08:48:39,8.045977011494251,64.99477533960292
2022-11-01,6.958333333333333,0.5750000000000001,4.666666666666666,64.53931578947369,38,2022-11-01 00:48:02,2022-11-01 07:45:32,8.263473053892218,67.06586826347305
2022-11-02,6.133333333333334,1.1166666666666667,3.7666666666666666,64.4,25,2022-11-02 01:09:04,2022-11-02 07:17:04,18.206521739130434,61.41304347826087
2022-11-03,7.691666666666666,1.0333333333333332,4.650000000000001,65.6829268292683,41,2022-11-03 00:10:04,2022-11-03 07:51:34,13.434452871072589,60.45503791982667
2022-11-04,7.391666666666667,0.6,5.45,66.92076206896552,29,2022-11-04 01:03:25,2022-11-04 08:26:55,8.117249154453212,73.73167981961669
2022-11-05,7.016666666666667,0.5416666666666666,5.125000000000001,62.26315789473684,38,2022-11-05 00:38:01,2022-11-05 07:39:01,7.719714964370546,73.04038004750595
2022-11-06,6.941666666666666,0.9,4.324999999999999,65.6457875,32,2022-11-06 00:55:52,2022-11-06 07:52:22,12.965186074429772,62.30492196878751
2022-11-07,7.283333333333333,0.6,4.941666666666666,65.05714285714286,35,2022-11-07 00:28:20,2022-11-07 07:45:20,8.237986270022883,67.84897025171624
2022-11-08,7.683333333333334,0.9416666666666667,4.375,64.66,50,2022-11-08 01:18:51,2022-11-08 08:59:51,12.255965292841648,56.94143167028199
2022-11-09,6.633333333333333,0.325,4.783333333333333,66.85834799999999,25,2022-11-09 00:44:03,2022-11-09 07:22:03,4.899497487437186,72.1105527638191
2022-11-10,8.7,0.7,6.225,65.8535064516129,31,2022-11-10 00:25:48,2022-11-10 09:07:48,8.045977011494253,71.55172413793103
2022-11-11,6.825,0.6166666666666666,5.283333333333332,65.06512916666667,24,2022-11-11 01:06:09,2022-11-11 07:55:39,9.035409035409034,77.41147741147739
2022-11-12,7.116666666666666,1.2916666666666665,3.966666666666666,59.3863875,40,2022-11-12 01:22:10,2022-11-12 08:29:10,18.14988290398126,55.73770491803278
2022-11-13,6.266666666666667,0.9416666666666667,3.8166666666666664,63.84191764705882,34,2022-11-13 02:09:19,2022-11-13 08:25:19,15.02659574468085,60.90425531914894
2022-11-14,7.783333333333333,1.1666666666666665,5.075000000000001,61.064516129032256,31,2022-11-14 00:32:06,2022-11-14 08:19:06,14.989293361884368,65.20342612419702
2022-11-15,7.391666666666667,1.0999999999999999,5.008333333333332,63.242446808510635,47,2022-11-15 00:47:53,2022-11-15 08:11:23,14.881623449830888,67.7564825253664
2022-11-16,7.466666666666667,0.725,5.183333333333334,60.36735135135135,37,2022-11-16 00:43:25,2022-11-17 00:02:36,9.709821428571429,69.41964285714286
2022-11-17,5.433333333333334,0.8083333333333333,3.3083333333333336,60.30158787878788,33,2022-11-17 00:02:36,2022-11-17 05:28:36,14.877300613496933,60.88957055214724
2022-11-18,7.208333333333333,1.0500000000000003,4.3999999999999995,63.94285714285714,35,2022-11-18 00:43:50,2022-11-18 07:56:20,14.56647398843931,61.04046242774566
2022-11-19,6.666666666666667,1.3333333333333333,4.241666666666666,61.812704000000004,25,2022-11-19 01:04:23,2022-11-20 00:05:56,20.0,63.624999999999986
2022-11-20,7.466666666666667,0.7833333333333334,4.941666666666667,62.35541951219513,41,2022-11-20 00:05:56,2022-11-20 07:33:56,10.49107142857143,66.18303571428572
2022-11-21,7.0,0.7916666666666666,4.308333333333334,62.57142857142857,35,2022-11-21 00:56:24,2022-11-21 07:56:24,11.30952380952381,61.54761904761905
2022-11-22,7.583333333333333,1.1083333333333332,5.033333333333333,65.49678372093022,43,2022-11-22 00:19:33,2022-11-22 07:54:33,14.615384615384613,66.37362637362637
2022-11-23,7.925,0.6833333333333333,5.591666666666667,65.61560697674419,43,2022-11-23 00:25:20,2022-11-23 08:20:50,8.622502628811777,70.55730809674029
2022-11-24,7.183333333333334,1.2916666666666667,3.783333333333333,62.51651714285715,35,2022-11-24 00:31:55,2022-11-24 07:42:55,17.98143851508121,52.66821345707656
2022-11-25,6.416666666666666,0.7416666666666667,4.5249999999999995,64.43422068965518,29,2022-11-25 00:54:33,2022-11-25 07:19:33,11.55844155844156,70.51948051948051
2022-11-26,6.983333333333333,0.7916666666666666,4.85,67.27586206896552,29,2022-11-26 00:14:26,2022-11-26 07:13:26,11.336515513126491,69.4510739856802
2022-11-27,7.308333333333334,1.1083333333333332,3.4083333333333337,69.95057111111112,45,2022-11-27 00:58:05,2022-11-27 08:16:35,15.165336374002278,46.63625997719499
2022-11-28,6.85,1.1416666666666666,3.7750000000000004,63.833333333333336,36,2022-11-28 00:57:46,2022-11-28 07:48:46,16.666666666666664,55.1094890510949
2022-11-29,7.8,0.65,5.083333333333335,62.48855897435898,39,2022-11-29 00:26:04,2022-11-29 08:14:04,8.333333333333334,65.1709401709402
2022-11-30,7.708333333333333,1.0833333333333333,4.241666666666666,59.864709523809516,42,2022-11-30 00:34:39,2022-11-30 08:17:09,14.054054054054054,55.02702702702702
2022-12-01,7.041666666666667,1.075,4.633333333333334,65.5,26,2022-12-01 00:34:34,2022-12-01 07:37:04,15.266272189349111,65.79881656804733
2022-12-02,7.033333333333333,1.1333333333333333,4.033333333333333,66.78571428571429,28,2022-12-02 00:52:56,2022-12-02 07:54:56,16.113744075829384,57.345971563981045
2022-12-03,7.091666666666667,1.0583333333333333,4.133333333333333,64.3,30,2022-12-03 01:16:07,2022-12-03 08:21:37,14.923619271445359,58.284371327849584
2022-12-04,7.3,0.8166666666666667,4.8583333333333325,65.18938235294117,34,2022-12-04 00:51:27,2022-12-05 00:01:48,11.187214611872145,66.5525114155251
2022-12-05,7.933333333333334,0.6333333333333333,5.375,66.618348,25,2022-12-05 00:01:48,2022-12-05 07:57:48,7.9831932773109235,67.75210084033613
2022-12-06,7.058333333333334,1.2083333333333333,4.158333333333333,62.88366666666666,27,2022-12-06 00:44:47,2022-12-06 07:48:17,17.119244391971662,58.913813459268006
2022-12-07,7.2333333333333325,0.8666666666666666,4.516666666666667,67.5,18,2022-12-07 00:39:53,2022-12-07 07:53:53,11.981566820276498,62.44239631336406
2022-12-08,7.741666666666666,1.5916666666666668,4.65,62.78839761904762,42,2022-12-08 00:25:46,2022-12-08 08:10:16,20.55974165769645,60.06458557588806
2022-12-09,6.991666666666667,1.0499999999999998,4.458333333333334,62.70486,40,2022-12-09 00:48:25,2022-12-09 07:47:55,15.017878426698447,63.76638855780692
2022-12-10,5.9,0.8916666666666666,3.7083333333333335,67.57142857142857,21,2022-12-10 01:37:37,2022-12-10 07:31:37,15.112994350282483,62.85310734463276
2022-12-11,6.808333333333334,1.0666666666666667,4.099999999999999,63.81245806451613,31,2022-12-11 00:52:56,2022-12-11 07:41:26,15.66707466340269,60.22031823745409
2022-12-12,7.2,1.2916666666666667,4.816666666666666,62.86349166666667,48,2022-12-12 00:44:34,2022-12-12 07:56:34,17.939814814814817,66.89814814814814
2022-12-13,7.458333333333333,0.9833333333333333,4.241666666666667,66.18195666666666,30,2022-12-13 00:39:28,2022-12-13 08:06:58,13.184357541899441,56.87150837988828
2022-12-14,6.583333333333333,1.125,3.933333333333333,62.59040588235295,34,2022-12-14 01:46:25,2022-12-14 08:21:25,17.088607594936708,59.74683544303797
2022-12-15,7.041666666666666,0.9833333333333334,4.174999999999999,63.631559375,32,2022-12-15 00:52:18,2022-12-15 07:54:48,13.96449704142012,59.28994082840235
2022-12-16,7.216666666666667,1.5,3.7333333333333334,63.290678571428565,28,2022-12-16 01:04:11,2022-12-16 08:17:11,20.785219399538104,51.73210161662818
2022-12-17,7.8,1.5666666666666669,4.433333333333334,64.27721489361703,47,2022-12-17 01:04:27,2022-12-17 08:52:27,20.08547008547009,56.83760683760685
2022-12-18,6.616666666666667,0.9583333333333333,3.866666666666667,67.78900882352941,34,2022-12-18 01:03:52,2022-12-18 07:40:52,14.483627204030224,58.43828715365239
2022-12-19,7.375,1.0166666666666666,4.616666666666666,71.65841333333333,30,2022-12-19 01:53:09,2022-12-19 09:15:39,13.785310734463277,62.59887005649717
2022-12-20,7.108333333333333,1.1416666666666666,4.35,68.93516428571428,42,2022-12-20 01:20:08,2022-12-20 08:26:38,16.060961313012896,61.1957796014068
2022-12-21,7.45,1.1166666666666667,4.833333333333333,63.13513513513514,37,2022-12-21 01:04:20,2022-12-21 08:31:20,14.988814317673377,64.87695749440715
2022-12-22,7.166666666666667,1.2166666666666668,4.033333333333333,62.241379310344826,29,2022-12-22 01:36:34,2022-12-22 08:46:34,16.976744186046513,56.27906976744186
2022-12-23,6.358333333333333,1.1916666666666667,3.8916666666666666,64.0,38,2022-12-23 01:51:27,2022-12-23 08:12:57,18.74180865006553,61.205766710353856
2022-12-24,6.833333333333333,0.8666666666666667,4.516666666666667,64.26315789473684,57,2022-12-24 01:34:13,2022-12-24 08:24:13,12.682926829268293,66.09756097560975
2022-12-25,7.058333333333334,0.9083333333333333,4.516666666666667,62.34365675675675,37,2022-12-25 00:46:50,2022-12-25 07:50:20,12.868949232585598,63.9905548996458
2022-12-26,7.333333333333333,0.8416666666666667,4.5,62.53333333333333,30,2022-12-26 01:08:06,2022-12-26 08:28:06,11.477272727272728,61.36363636363637
2022-12-27,7.9,0.7916666666666666,4.841666666666667,64.82926829268293,41,2022-12-27 01:03:50,2022-12-27 08:57:50,10.021097046413502,61.28691983122363
2022-12-28,7.091666666666667,1.1416666666666666,4.333333333333334,64.625,40,2022-12-28 00:07:39,2022-12-28 07:13:09,16.09870740305523,61.10458284371328
2022-12-29,8.541666666666666,0.7666666666666667,5.950000000000001,82.27777777777777,36,2022-12-29 01:16:21,2022-12-30 00:15:35,8.975609756097562,69.65853658536587
2022-12-30,7.291666666666667,0.3833333333333333,5.083333333333334,72.20263,50,2022-12-30 00:15:35,2022-12-31 00:00:35,5.257142857142857,69.71428571428572
2022-12-31,7.683333333333334,0.65,4.416666666666667,68.13102727272727,44,2022-12-31 00:00:35,2022-12-31 07:41:35,8.459869848156181,57.48373101952278
2023-01-01,8.041666666666666,0.6583333333333332,5.158333333333333,68.85164626865672,67,2023-01-01 00:01:17,2023-01-01 08:03:47,8.186528497409325,64.14507772020725
2023-01-02,6.9,0.9749999999999999,4.458333333333333,68.51724137931035,29,2023-01-02 01:22:50,2023-01-02 08:16:50,14.130434782608692,64.6135265700483
2023-01-03,7.016666666666667,0.7333333333333334,4.566666666666666,69.65,20,2023-01-03 00:52:01,2023-01-03 07:53:01,10.451306413301664,65.08313539192399
2023-01-04,8.15,0.5166666666666666,5.7749999999999995,69.6712935483871,31,2023-01-04 00:37:35,2023-01-04 08:46:35,6.339468302658485,70.85889570552146
2023-01-05,7.758333333333333,1.05,4.883333333333333,68.17472291666667,48,2023-01-05 00:11:59,2023-01-05 07:57:29,13.533834586466167,62.94307196562835
2023-01-06,7.841666666666667,0.775,5.291666666666667,66.12169743589743,39,2023-01-06 00:00:18,2023-01-06 07:50:48,9.883103081827842,67.48140276301807
2023-01-07,7.425,1.1833333333333333,4.516666666666667,70.39763636363637,33,2023-01-07 00:40:00,2023-01-07 08:05:30,15.937149270482603,60.83052749719416
2023-01-08,7.925,0.6166666666666667,5.4750000000000005,65.46988181818182,44,2023-01-08 00:16:48,2023-01-08 08:12:18,7.781282860147214,69.08517350157729
2023-01-09,6.508333333333334,0.7333333333333333,4.675,60.869565217391305,23,2023-01-09 01:30:31,2023-01-09 08:01:01,11.267605633802816,71.83098591549295
2023-01-10,6.966666666666667,0.7416666666666667,4.541666666666667,64.42871785714286,28,2023-01-10 00:49:10,2023-01-10 07:47:10,10.645933014354068,65.19138755980862
2023-01-11,7.4,1.225,4.3999999999999995,62.47878823529412,34,2023-01-11 00:42:35,2023-01-11 08:06:35,16.554054054054053,59.45945945945945
2023-01-12,6.166666666666667,0.8916666666666666,3.6166666666666667,62.28655454545454,33,2023-01-12 01:24:39,2023-01-12 07:34:39,14.45945945945946,58.648648648648646
2023-01-13,7.641666666666667,1.2166666666666668,4.916666666666667,60.7,40,2023-01-13 00:40:13,2023-01-13 08:18:43,15.921483097055617,64.340239912759
2023-01-14,7.483333333333333,0.95,4.7666666666666675,65.38888888888889,36,2023-01-14 01:04:50,2023-01-14 08:33:50,12.694877505567929,63.697104677060146
2023-01-15,7.091666666666667,1.2833333333333332,4.383333333333334,62.525,40,2023-01-15 01:23:01,2023-01-15 08:28:31,18.096357226792005,61.809635722679204
2023-01-16,6.558333333333334,0.7,4.075000000000001,62.63152340425532,47,2023-01-16 01:26:50,2023-01-16 08:00:20,10.67344345616264,62.13468869123254
2023-01-17,7.333333333333333,1.0666666666666667,4.341666666666667,61.52730294117647,34,2023-01-17 01:22:37,2023-01-17 08:42:37,14.545454545454545,59.20454545454545
2023-01-18,5.791666666666667,0.7083333333333333,3.9250000000000003,65.84201666666667,18,2023-01-18 01:35:06,2023-01-18 07:22:36,12.230215827338126,67.76978417266187
2023-01-19,7.266666666666667,1.0083333333333333,4.533333333333334,65.03703703703704,27,2023-01-19 01:05:50,2023-01-19 08:21:50,13.876146788990825,62.385321100917444
2023-01-20,5.941666666666666,1.0083333333333333,3.7166666666666672,62.666666666666664,30,2023-01-20 01:49:23,2023-01-20 07:45:53,16.97054698457223,62.55259467040675
2023-01-21,5.958333333333333,1.0,4.15,59.44444444444444,36,2023-01-21 00:53:59,2023-01-21 06:51:29,16.783216783216783,69.65034965034967
2023-01-22,7.225,1.025,4.633333333333333,66.957465625,32,2023-01-22 01:22:06,2023-01-22 08:35:36,14.186851211072662,64.12918108419838
2023-01-23,6.066666666666666,0.7333333333333333,3.9333333333333336,67.76649583333334,24,2023-01-23 01:10:39,2023-01-23 07:14:39,12.087912087912088,64.83516483516483
2023-01-24,7.375,0.9750000000000001,4.7,69.26984615384616,26,2023-01-24 01:00:10,2023-01-24 08:22:40,13.22033898305085,63.72881355932204
2023-01-25,7.066666666666666,1.0666666666666667,4.7,72.14493999999999,30,2023-01-25 01:29:37,2023-01-25 08:33:37,15.09433962264151,66.50943396226415
2023-01-26,7.016666666666667,1.2750000000000001,3.9416666666666664,67.36363636363636,33,2023-01-26 00:52:04,2023-01-26 07:53:04,18.17102137767221,56.17577197149644
2023-01-27,7.275,0.6083333333333334,5.141666666666667,66.97058823529412,34,2023-01-27 00:43:11,2023-01-27 07:59:41,8.361970217640321,70.6758304696449
2023-01-28,6.8,0.8416666666666667,4.575,75.51351351351352,37,2023-01-28 00:15:58,2023-01-28 07:03:58,12.377450980392158,67.27941176470588
2023-01-29,7.025,0.7833333333333333,4.308333333333334,70.89285714285714,28,2023-01-29 00:53:19,2023-01-29 07:54:49,11.15065243179122,61.32858837485172
2023-01-30,7.6,0.9333333333333333,4.991666666666667,70.25806451612904,31,2023-01-30 00:12:29,2023-01-30 07:48:29,12.280701754385966,65.67982456140352
2023-01-31,7.591666666666667,0.8833333333333332,5.291666666666666,69.42,50,2023-01-31 00:56:35,2023-02-01 00:09:49,11.635565312843028,69.70362239297474
2023-02-01,8.8,0.925,5.108333333333333,66.12109512195121,41,2023-02-01 00:09:49,2023-02-01 08:57:49,10.511363636363635,58.04924242424242
2023-02-02,7.258333333333333,0.9666666666666666,4.6499999999999995,66.71329032258065,31,2023-02-02 00:53:35,2023-02-02 08:09:05,13.318025258323765,64.06429391504018
2023-02-03,7.258333333333333,0.7666666666666666,4.791666666666666,66.23076923076923,26,2023-02-03 00:21:59,2023-02-03 07:37:29,10.562571756601608,66.01607347876003
2023-02-04,6.058333333333334,1.375,3.0500000000000003,64.98657777777777,36,2023-02-04 01:03:46,2023-02-04 07:07:16,22.696011004126547,50.34387895460798
2023-02-05,7.075,0.8083333333333333,4.675,64.07885454545453,33,2023-02-05 00:34:22,2023-02-05 07:38:52,11.425206124852767,66.07773851590105
2023-02-06,7.116666666666666,0.8999999999999999,4.516666666666666,68.26086956521739,23,2023-02-06 00:54:24,2023-02-06 08:01:24,12.646370023419204,63.466042154566736
2023-02-07,7.391666666666667,1.2583333333333333,4.483333333333333,66.16216216216216,37,2023-02-07 00:33:11,2023-02-07 07:56:41,17.023675310033823,60.65388951521984
2023-02-08,6.575,1.2333333333333334,4.041666666666667,67.62772285714286,35,2023-02-08 01:11:40,2023-02-09 00:00:21,18.75792141951838,61.4702154626109
2023-02-09,7.85,0.475,5.0249999999999995,66.23897659574467,47,2023-02-09 00:00:21,2023-02-09 07:51:21,6.050955414012739,64.01273885350318
2023-02-10,7.625,1.0083333333333333,4.675,68.05555555555556,36,2023-02-10 00:16:24,2023-02-10 07:53:54,13.224043715846994,61.311475409836056
2023-02-11,7.508333333333334,1.0333333333333332,4.508333333333333,66.89940212765958,47,2023-02-11 00:55:43,2023-02-11 08:26:13,13.76248612652608,60.044395116537174
2023-02-12,6.333333333333333,1.2333333333333334,3.3750000000000004,65.30434782608695,23,2023-02-12 00:56:15,2023-02-12 07:16:15,19.47368421052632,53.289473684210535
2023-02-13,7.741666666666667,0.6416666666666666,5.583333333333333,65.41176470588235,34,2023-02-13 00:57:00,2023-02-13 08:41:30,8.28848223896663,72.12055974165769
2023-02-14,6.675,0.6499999999999999,4.341666666666667,67.88838095238096,21,2023-02-14 01:21:09,2023-02-14 08:01:39,9.737827715355804,65.04369538077404
2023-02-15,6.766666666666667,1.0833333333333333,3.9333333333333336,66.4746,43,2023-02-15 01:08:40,2023-02-15 07:54:40,16.00985221674877,58.128078817734
2023-02-16,5.875,0.5916666666666667,3.833333333333334,66.14814814814815,27,2023-02-16 01:32:21,2023-02-16 07:24:51,10.070921985815604,65.24822695035462
2023-02-17,5.65,0.9750000000000001,3.5583333333333336,81.66688275862069,29,2023-02-17 01:45:49,2023-02-17 07:24:49,17.256637168141594,62.979351032448385
2023-02-18,7.133333333333334,0.9666666666666667,4.666666666666667,69.6875,16,2023-02-18 00:50:48,2023-02-18 07:58:48,13.551401869158877,65.42056074766354
2023-02-19,7.175,1.2666666666666666,4.833333333333334,70.6840108108108,37,2023-02-19 01:43:17,2023-02-19 08:53:47,17.653890824622533,67.36353077816494
2023-02-20,8.316666666666666,0.9916666666666667,5.0583333333333345,64.73800535714285,56,2023-02-20 00:09:53,2023-02-20 08:28:53,11.923847695390782,60.821643286573156
2023-02-21,6.641666666666667,0.875,4.3,63.17948717948718,39,2023-02-21 01:16:08,2023-02-21 07:54:38,13.174404015056462,64.74278544542032
2023-02-22,7.458333333333333,0.8916666666666667,4.408333333333334,62.166666666666664,24,2023-02-22 00:47:26,2023-02-22 08:14:56,11.955307262569834,59.106145251396654
2023-02-23,8.216666666666667,0.7333333333333334,4.95,65.04347826086956,46,2023-02-23 00:41:37,2023-02-23 08:54:37,8.924949290060853,60.243407707910755
2023-02-24,6.625,1.025,4.3,63.63333333333333,30,2023-02-24 00:50:12,2023-02-24 07:27:42,15.471698113207546,64.90566037735849
2023-02-25,7.266666666666667,1.0166666666666666,4.966666666666667,63.88804583333334,24,2023-02-25 00:26:14,2023-02-25 07:42:14,13.990825688073393,68.34862385321101
2023-02-26,7.808333333333334,0.8999999999999999,5.125,68.27145714285714,35,2023-02-26 00:09:03,2023-02-26 07:57:33,11.526147278548558,65.63500533617929
2023-02-27,6.775,0.45,4.7666666666666675,66.9862888888889,36,2023-02-27 01:09:02,2023-02-27 07:55:32,6.642066420664207,70.35670356703568
2023-02-28,8.058333333333334,0.7,5.258333333333334,65.97727272727273,44,2023-02-28 00:07:25,2023-02-28 08:10:55,8.686659772492243,65.25336091003102
2023-03-01,7.0,1.3833333333333335,4.175,66.33333333333333,36,2023-03-01 00:43:57,2023-03-01 07:43:57,19.761904761904763,59.64285714285714
2023-03-02,7.633333333333334,0.9500000000000001,4.658333333333333,66.67857142857143,28,2023-03-02 00:36:42,2023-03-02 08:14:42,12.445414847161572,61.026200873362434
2023-03-03,6.85,0.9750000000000001,4.391666666666667,61.751016666666665,36,2023-03-03 00:42:33,2023-03-03 07:33:33,14.233576642335768,64.11192214111922
2023-03-04,6.966666666666667,0.9083333333333334,4.316666666666666,65.69444444444444,36,2023-03-04 00:56:45,2023-03-04 07:54:45,13.038277511961724,61.961722488038276
2023-03-05,7.508333333333333,0.9833333333333334,4.500000000000001,64.77777777777777,27,2023-03-05 00:41:08,2023-03-05 08:11:38,13.09655937846837,59.933407325194246
2023-03-06,7.116666666666666,0.9833333333333334,4.175,69.28605172413793,29,2023-03-06 01:05:36,2023-03-06 08:12:36,13.817330210772836,58.66510538641686
2023-03-07,8.025,1.0,4.75,66.375,48,2023-03-07 00:25:22,2023-03-07 08:26:52,12.461059190031152,59.19003115264797
2023-03-08,6.8,1.1,3.9166666666666665,66.1842105263158,38,2023-03-08 01:23:38,2023-03-08 08:11:38,16.176470588235293,57.59803921568627
2023-03-09,7.483333333333333,0.8583333333333333,5.058333333333334,64.03846153846153,26,2023-03-09 00:46:53,2023-03-09 08:15:53,11.469933184855233,67.59465478841871
2023-03-10,6.866666666666667,0.9583333333333333,4.091666666666667,61.62068965517241,29,2023-03-10 00:58:22,2023-03-10 07:50:22,13.956310679611647,59.5873786407767
2023-03-11,7.341666666666667,0.8,4.25,61.18667619047619,42,2023-03-11 00:37:37,2023-03-11 07:58:07,10.896708286038594,57.888762769580026
2023-03-13,7.5249999999999995,1.1166666666666667,5.008333333333333,61.13752,30,2023-03-13 00:11:31,2023-03-13 07:43:01,14.839424141749724,66.55592469545958
2023-03-14,7.633333333333334,0.9500000000000001,4.7749999999999995,61.28125,32,2023-03-14 00:17:56,2023-03-14 07:55:56,12.445414847161572,62.55458515283841
2023-03-15,6.65,0.8916666666666667,4.341666666666667,61.88235294117647,51,2023-03-15 01:11:30,2023-03-15 07:50:30,13.408521303258144,65.28822055137844
2023-03-16,7.366666666666667,0.45833333333333337,5.2,61.57142857142857,28,2023-03-16 01:02:35,2023-03-16 08:24:35,6.221719457013575,70.58823529411764
2023-03-17,7.033333333333333,0.6833333333333333,4.625000000000001,61.86265813953489,43,2023-03-17 00:46:24,2023-03-17 07:48:24,9.715639810426541,65.75829383886257
2023-03-18,7.55,0.7666666666666666,5.5,63.01754385964912,57,2023-03-18 01:07:51,2023-03-18 08:40:51,10.154525386313464,72.8476821192053
2023-03-19,6.483333333333333,0.6833333333333332,4.15,63.627900000000004,35,2023-03-19 01:12:14,2023-03-19 07:41:14,10.539845758354755,64.01028277634961
2023-03-20,7.583333333333333,1.4,3.508333333333333,60.93066470588236,34,2023-03-20 00:45:28,2023-03-20 08:20:28,18.46153846153846,46.26373626373626
2023-03-21,7.25,1.0166666666666666,4.508333333333334,64.590475,24,2023-03-21 01:03:01,2023-03-21 08:18:01,14.022988505747126,62.18390804597702
2023-03-22,7.475,1.0583333333333333,4.691666666666666,64.12465,36,2023-03-22 00:57:20,2023-03-22 08:25:50,14.15830546265329,62.76477146042363
2023-03-23,7.566666666666666,1.025,4.650000000000001,61.96181851851852,54,2023-03-23 00:30:22,2023-03-23 08:04:22,13.54625550660793,61.453744493392094
2023-03-24,7.516666666666667,1.3333333333333333,4.525,62.09090909090909,33,2023-03-24 00:40:29,2023-03-24 08:11:29,17.738359201773836,60.19955654101996
2023-03-25,14.808333333333334,0.975,4.591666666666667,62.98251219512195,41,2023-03-25 00:50:00,2023-03-25 08:35:00,6.584130557118739,31.00731570061902
2023-03-26,6.416666666666667,0.5666666666666667,4.258333333333334,64.99019696969697,33,2023-03-26 00:46:44,2023-03-26 07:11:44,8.83116883116883,66.36363636363637
2023-03-27,7.516666666666667,0.825,4.958333333333333,65.43589743589743,39,2023-03-27 00:29:08,2023-03-27 08:00:08,10.975609756097562,65.96452328159646
2023-03-28,7.241666666666667,0.8583333333333334,4.991666666666667,60.89655172413793,29,2023-03-28 00:32:12,2023-03-28 07:46:42,11.852704257767549,68.92980437284236
2023-03-29,7.116666666666666,1.0416666666666667,4.641666666666667,62.51851851851852,27,2023-03-29 00:23:04,2023-03-29 07:30:04,14.637002341920377,65.2224824355972
2023-03-30,7.358333333333333,0.9,5.050000000000001,60.75144782608696,23,2023-03-30 00:30:36,2023-03-30 07:52:06,12.231030577576444,68.62967157417894
2023-03-31,7.683333333333334,1.0166666666666668,5.008333333333333,64.0280288888889,45,2023-03-31 00:15:41,2023-03-31 07:56:41,13.232104121475055,65.18438177874187
2023-04-01,6.15,0.775,4.074999999999999,62.745588,25,2023-04-01 01:13:49,2023-04-01 07:22:49,12.601626016260163,66.260162601626
2023-04-02,7.675,0.7250000000000001,5.066666666666666,56.96760303030303,33,2023-04-02 00:23:39,2023-04-02 08:04:09,9.446254071661238,66.01520086862106
2023-04-03,7.308333333333334,0.8250000000000001,4.991666666666667,61.4994125,32,2023-04-03 00:48:20,2023-04-03 08:06:50,11.288483466362601,68.30102622576968
2023-04-04,7.2,1.0166666666666666,4.275,61.74285714285714,35,2023-04-04 00:31:41,2023-04-04 07:43:41,14.120370370370368,59.375
2023-04-05,7.308333333333334,0.9916666666666667,4.441666666666666,58.372549019607845,51,2023-04-05 00:42:19,2023-04-05 08:00:49,13.568985176738883,60.77537058152793
2023-04-06,7.466666666666667,0.9333333333333335,4.308333333333333,59.48646363636363,44,2023-04-06 00:46:03,2023-04-06 08:14:03,12.500000000000004,57.70089285714285
2023-04-07,7.35,0.8666666666666667,4.783333333333333,64.05555555555556,36,2023-04-07 00:40:55,2023-04-07 08:01:55,11.79138321995465,65.07936507936508
2023-04-08,6.966666666666667,1.1916666666666667,3.6333333333333333,64.055115625,32,2023-04-08 01:11:49,2023-04-08 08:09:49,17.105263157894736,52.15311004784689
2023-04-09,7.25,0.875,5.091666666666666,60.98678333333333,30,2023-04-09 00:52:53,2023-04-09 08:07:53,12.068965517241379,70.22988505747125
2023-04-10,7.05,0.6083333333333334,4.900000000000001,60.39393939393939,33,2023-04-10 00:48:03,2023-04-10 07:51:03,8.628841607565013,69.5035460992908
2023-04-11,7.2,0.9416666666666667,4.8,61.37690333333333,30,2023-04-11 00:45:28,2023-04-11 07:57:28,13.078703703703704,66.66666666666666
2023-04-12,6.0,1.2000000000000002,3.525,60.609756097560975,41,2023-04-12 00:43:02,2023-04-12 06:43:02,20.000000000000004,58.75
2023-04-13,6.541666666666667,0.6916666666666667,4.849999999999999,62.723404255319146,47,2023-04-13 00:56:19,2023-04-13 07:28:49,10.57324840764331,74.140127388535
2023-04-14,4.766666666666667,0.8083333333333335,3.1166666666666663,61.960269230769235,26,2023-04-14 01:47:54,2023-04-14 06:33:54,16.95804195804196,65.38461538461537
2023-04-15,6.3,1.3083333333333333,3.608333333333333,62.142857142857146,28,2023-04-15 00:41:17,2023-04-15 06:59:17,20.767195767195766,57.275132275132265
2023-04-16,7.491666666666667,1.0083333333333333,4.725000000000001,59.75,44,2023-04-16 00:00:03,2023-04-16 07:29:33,13.459399332591767,63.07007786429367
2023-04-17,6.908333333333333,0.9666666666666666,4.258333333333334,63.54838709677419,31,2023-04-17 00:04:32,2023-04-17 06:59:02,13.992762364294329,61.64053075995176
2023-04-18,5.508333333333333,0.7833333333333333,3.708333333333333,60.583333333333336,36,2023-04-18 01:38:42,2023-04-19 00:07:42,14.22087745839637,67.32223903177005
2023-04-19,8.416666666666666,1.1916666666666667,5.025,56.46875,32,2023-04-19 00:07:42,2023-04-19 08:32:42,14.15841584158416,59.70297029702971
2023-04-20,7.975,0.43333333333333335,5.8916666666666675,61.96732142857143,42,2023-04-20 00:29:55,2023-04-20 08:28:25,5.433646812957158,73.87669801462906
2023-04-21,7.466666666666667,0.9833333333333334,4.725,61.32383947368421,38,2023-04-21 00:38:46,2023-04-21 08:06:46,13.169642857142858,63.281249999999986
2023-04-22,7.533333333333333,1.0666666666666667,4.466666666666666,57.88982307692308,39,2023-04-22 00:51:31,2023-04-22 08:23:31,14.15929203539823,59.292035398230084
2023-04-23,6.791666666666667,1.1666666666666667,4.175000000000001,64.47840909090908,33,2023-04-23 01:04:48,2023-04-23 07:52:18,17.177914110429448,61.47239263803682
2023-04-24,7.7,1.1916666666666667,4.291666666666666,58.68421052631579,38,2023-04-24 00:28:12,2023-04-24 08:10:12,15.476190476190476,55.73593073593073
2023-04-25,7.366666666666667,0.5583333333333333,5.008333333333333,58.456431428571435,35,2023-04-25 00:53:57,2023-04-25 08:15:57,7.579185520361991,67.9864253393665
2023-04-26,7.833333333333333,0.725,4.958333333333333,60.13333333333333,30,2023-04-26 01:11:55,2023-04-26 09:01:55,9.25531914893617,63.297872340425535
2023-04-27,7.791666666666667,0.9666666666666666,5.341666666666666,60.572134545454546,55,2023-04-27 00:40:31,2023-04-27 08:28:01,12.406417112299463,68.55614973262031
2023-04-28,7.608333333333333,1.125,4.508333333333333,59.24376086956522,46,2023-04-28 00:20:34,2023-04-28 07:57:04,14.786418400876233,59.2552026286966
2023-04-29,7.783333333333333,0.9333333333333333,4.875000000000001,58.869565217391305,23,2023-04-29 01:44:03,2023-04-29 09:31:03,11.991434689507495,62.63383297644541
2023-04-30,7.616666666666667,1.0083333333333333,5.216666666666666,58.7,30,2023-04-30 00:27:03,2023-05-01 00:20:05,13.238512035010942,68.49015317286651
2023-05-01,6.866666666666667,0.8583333333333333,4.283333333333334,55.38461538461539,39,2023-05-01 00:20:05,2023-05-01 07:12:05,12.499999999999998,62.37864077669904
2023-05-02,6.566666666666666,0.6083333333333334,4.75,57.91127037037037,27,2023-05-02 01:05:04,2023-05-02 07:39:04,9.263959390862945,72.33502538071066
2023-05-03,7.016666666666667,1.1166666666666667,3.5749999999999997,61.36618148148148,27,2023-05-03 00:41:59,2023-05-03 07:42:59,15.914489311163896,50.9501187648456
2023-05-04,6.983333333333333,0.6749999999999999,4.65,61.78947368421053,38,2023-05-04 01:07:32,2023-05-04 08:06:32,9.665871121718377,66.58711217183772
2023-05-05,6.508333333333333,1.2916666666666665,4.091666666666667,61.878787878787875,33,2023-05-05 01:18:02,2023-05-05 07:48:32,19.846350832266324,62.86811779769527
2023-05-06,6.641666666666667,0.45,4.566666666666666,61.96875,32,2023-05-06 00:54:48,2023-05-06 07:33:18,6.775407779171895,68.75784190715181
2023-05-07,7.1499999999999995,0.55,5.233333333333332,64.15928275862069,29,2023-05-07 00:40:37,2023-05-07 07:49:37,7.692307692307694,73.19347319347318
2023-05-08,7.116666666666667,1.0083333333333333,4.5,67.83810810810812,37,2023-05-08 01:21:22,2023-05-08 08:28:22,14.168618266978921,63.23185011709601
2023-05-09,7.666666666666666,1.0833333333333335,4.941666666666666,64.7,30,2023-05-09 00:30:00,2023-05-09 08:10:00,14.130434782608697,64.45652173913044
2023-05-10,8.1,1.0416666666666665,4.633333333333334,60.42466944444444,36,2023-05-10 00:23:02,2023-05-10 08:29:02,12.860082304526749,57.201646090534986
2023-05-11,7.083333333333333,1.1166666666666667,4.216666666666666,57.724137931034484,29,2023-05-11 00:33:28,2023-05-11 07:38:28,15.764705882352942,59.52941176470588
2023-05-12,7.491666666666667,1.125,5.191666666666666,60.43333333333333,30,2023-05-12 00:36:16,2023-05-12 08:05:46,15.016685205784203,69.2992213570634
2023-05-13,7.741666666666666,0.625,5.241666666666666,61.54769130434783,23,2023-05-13 01:11:50,2023-05-13 08:56:20,8.073196986006458,67.70721205597417
2023-05-14,7.658333333333333,1.1166666666666667,5.358333333333333,63.27828387096774,31,2023-05-14 01:08:36,2023-05-14 08:48:06,14.581066376496194,69.96735582154517
